http://whitestuffpeoplelike.wordpress.com/,NA,NA,NA,NA,0
http://whitestuffpeoplelike.wordpress.com/feed/,NA,NA,NA,NA,0
http://whitestuffpeoplelike.wordpress.com/comments/feed/,NA,NA,NA,NA,0
http://whitestuffpeoplelike.wordpress.com/2008/09/15/7-plaster/,NA,Scott Lamb,15-Sep-08,2,1
http://whitestuffpeoplelike.wordpress.com/2008/07/28/6-cream-cheese/,NA,Scott Lamb,28-Jul-08,4,1
http://whitestuffpeoplelike.wordpress.com/2008/04/11/5-plastic-bags/,NA,elizabethmace,11-Apr-08,14,1
http://whitestuffpeoplelike.wordpress.com/2008/04/11/4-swans/,NA,elizabethmace,11-Apr-08,4,1
http://whitestuffpeoplelike.wordpress.com/2008/04/08/3-mayo/,NA,Scott Lamb,8-Apr-08,10,1
http://whitestuffpeoplelike.wordpress.com/2008/04/07/2-cocaine/,NA,Scott Lamb,7-Apr-08,8,1
http://whitestuffpeoplelike.wordpress.com/2008/04/07/1-snow/,NA,Scott Lamb,7-Apr-08,13,1
http://whitestuffpeoplelike.wordpress.com/2008/09/,NA,NA,NA,NA,0
http://whitestuffpeoplelike.wordpress.com/2008/07/,NA,NA,NA,NA,0
http://whitestuffpeoplelike.wordpress.com/2008/04/,NA,NA,NA,NA,0
